Gene,PubMedID
br ##ca ##2,9389568
br ##ca ##1,22935333
br ##ca ##1,9389568
br ##ca ##1,25479927
br ##ca ##1,23825798
br ##ca ##1,24697775
br ##ca ##1,25974357
cd ##k ##n ##2 ##a,16896043
cd ##k ##n ##2 ##a,15819981
cd ##k ##n ##2 ##a,24935963
cd ##k ##n ##2 ##a,26498684
cd ##k ##n ##2 ##a,24346768
cd ##k ##n ##2 ##a,22080950
cd ##k ##n ##2 ##a,15705881
cd ##k ##n ##2 ##a,11668523
cd ##k ##n ##2 ##a,10389768
cd ##k ##n ##2 ##a,19725989
cd ##k ##n ##2 ##a,18398432
cd ##k ##n ##2 ##a,9389568
cd ##k ##n ##2 ##a,23384855
cd ##k ##n ##2 ##a,15856016
cd ##k ##n ##2 ##a,23825798
cd ##k ##n ##2 ##a,19149898
cd ##k ##n ##2 ##a,20484992
cd ##k ##n ##2 ##a,24697775
cd ##k ##n ##2 ##a,17351674
cd ##k ##n ##2 ##a,15221796
cd ##k ##n ##2 ##a,18672145
cd ##k ##n ##2 ##a,15120668
cd ##k ##n ##2 ##a,19238106
cd ##k ##n ##2 ##a,19158841
cd ##k ##n ##2 ##a,17171691
cd ##k ##n ##2 ##a,18505964
cd ##k ##n ##2 ##a,16801015
cd ##k ##n ##2 ##a,24928612
t ##p ##53,15819981
t ##p ##53,9389568
t ##p ##53,24736457
atm,11774264
atm,24840574
atm,19126397
atm,23190898
atm,8344747
atm,19016067
atm,20944096
atm,18949370
atm,22550165
atm,24967732
atm,25588203
atm,26498684
atm,21722328
atm,15756009
atm,14961576
atm,19671763
atm,23673539
atm,25065585
atm,23536873
atm,20848731
atm,25885043
atm,15466193
atm,23950209
atm,22130252
atm,22972589
atm,23477830
atm,15305193
atm,22322885
atm,23454771
atm,11112417
atm,26405583
atm,17891747
atm,24697775
atm,21268068
atm,25001534
atm,21466784
atm,20357817
atm,24223182
atm,22736149
atm,22328516
atm,12036934
atm,15958521
atm,23625514
atm,24928612
cd ##k ##4,22080950
cd ##k ##4,11668523
cd ##k ##4,10389768
cd ##k ##4,9389568
cd ##k ##4,18386818
cd ##k ##4,23384855
cd ##k ##4,24289491
cd ##k ##4,19238106
cd ##k ##4,19158841
ms ##h ##2,11931386
cd ##h ##1,20848731
bra ##f,24840574
bra ##f,25061102
bra ##f,20944096
bra ##f,24967732
bra ##f,19207948
bra ##f,26396549
bra ##f,23416158
bra ##f,14961576
bra ##f,16410717
bra ##f,21680547
bra ##f,19805117
bra ##f,27181209
bra ##f,23950209
bra ##f,22972589
bra ##f,25479927
bra ##f,23825798
bra ##f,23477830
bra ##f,19880519
bra ##f,23454771
bra ##f,21356389
bra ##f,24885594
bra ##f,25174651
bra ##f,24697775
bra ##f,16818621
bra ##f,19404918
bra ##f,25289082
bra ##f,20357817
bra ##f,15277467
bra ##f,25818589
bra ##f,22817889
bra ##f,21801332
bra ##f,19158841
bra ##f,23987572
pt ##en,24840574
pt ##en,25501033
pt ##en,22076652
pt ##en,20848731
pt ##en,15466193
pt ##en,25444926
pt ##en,22846175
pt ##en,14576666
pt ##en,19047166
st ##k ##11,24086281
e ##gf ##r,20177751
e ##gf ##r,17594688
e ##gf ##r,23638386
e ##gf ##r,26405583
ba ##p ##1,25687217
ba ##p ##1,26769193
ba ##p ##1,22935333
ba ##p ##1,23977234
ba ##p ##1,25479927
ba ##p ##1,23825798
ba ##p ##1,24697775
ba ##p ##1,27123562
ba ##p ##1,25974357
k ##ras,14961576
hr ##as,14961576
hr ##as,18386818
kit,19126397
kit,20337985
kit,21325067
kit,19671763
kit,21680547
kit,26424760
kit,19718013
kit,21119596
kit,19035443
kit,18417445
kit,23377970
kit,21356389
kit,23221472
kit,18066592
kit,27153441
kit,19118061
kit,22736149
kit,19158841
kit,23528861
ter ##t,24423917
ter ##t,25444926
ter ##t,23348506
n ##f ##1,24346768
n ##f ##1,16961930
n ##f ##1,11706558
n ##f ##1,11129335
n ##f ##1,12963615
ak ##t ##1,24346768
ak ##t ##1,15466193
nr ##as,14961576
nr ##as,21680547
nr ##as,23950209
nr ##as,22972589
nr ##as,23825798
nr ##as,23377970
nr ##as,25174651
nr ##as,27153441
nr ##as,16818621
nr ##as,20357817
nr ##as,22817889
nr ##as,19158841
nr ##as,23987572
mc ##1 ##r,19338054
mc ##1 ##r,19725989
mc ##1 ##r,23647022
mc ##1 ##r,21559390
mc ##1 ##r,12473109
mc ##1 ##r,15221796
mc ##1 ##r,22095472
mc ##1 ##r,19269164
mc ##1 ##r,16982779
mc ##1 ##r,19158841
mc ##1 ##r,16801015
mit ##f,12742347
mit ##f,25444235
mit ##f,20337985
mit ##f,21435193
mit ##f,22080950
mit ##f,21072171
mit ##f,19805117
mit ##f,17182868
mit ##f,27181209
mit ##f,22496449
mit ##f,23477830
mit ##f,23787126
mit ##f,23377970
mit ##f,24981740
mit ##f,20067553
mit ##f,22647378
mit ##f,16964280
mit ##f,17975146
mit ##f,26599548
mit ##f,25818589
mit ##f,21801332
met,18771349
met,11774264
met,24840574
met,25113440
met,22815634
met,19521982
met,25061102
met,15986140
met,25051432
met,20177751
met,17085653
met,23190898
met,19016067
met,20944096
met,18949370
met,22550165
met,25823659
met,25124714
met,12384558
met,24346768
met,19040420
met,19338054
met,20337985
met,10867810
met,15756009
met,14961576
met,17197349
met,24993904
met,20709760
met,16410717
met,24359286
met,17594688
met,21072171
met,19671763
met,14719109
met,23673539
met,9824622
met,25220161
met,26424760
met,22223089
met,10389768
met,24120113
met,11813878
met,11931386
met,25501033
met,23197006
met,25223485
met,17182868
met,24174333
met,24189220
met,19330028
met,23536873
met,7665237
met,22076652
met,20848731
met,25310020
met,9389568
met,21047771
met,24014427
met,22447182
met,27181209
met,19718013
met,15466193
met,24580015
met,25444926
met,26707830
met,23950209
met,11245423
met,23277422
met,24691438
met,23638386
met,19627587
met,22130252
met,21558391
met,22496449
met,8102131
met,25550585
met,24405508
met,25479927
met,11744991
met,11606406
met,19035443
met,15920168
met,25435429
met,23477830
met,19880519
met,15305193
met,14576666
met,23454771
met,25961751
met,23377970
met,11112417
met,24981740
met,9195562
met,21356389
met,25048347
met,26405583
met,19318807
met,20484992
met,11309305
met,9617345
met,23221472
met,17891747
met,20375924
met,20067553
met,24722418
met,23863473
met,12650606
met,24697775
met,16964280
met,18385040
met,17351674
met,15867352
met,21268068
met,17975146
met,22131135
met,16818621
met,23659246
met,21642878
met,18442402
met,15760917
met,21963849
met,25001534
met,21788308
met,19799645
met,21466784
met,20357817
met,20060810
met,14576937
met,11822878
met,16681721
met,19047166
met,22583695
met,18981472
met,26016895
met,22736149
met,22865454
met,12543799
met,21801332
met,21461173
met,8864922
met,22328516
met,24086281
met,15958521
met,8631588
met,19158841
met,23528861
met,18505964
met,24968695
met,21083380
met,24928612
met,16963426
met,25868368
met,25982144
re ##t,18771349
re ##t,18949370
re ##t,19338054
re ##t,22496449
re ##t,22322885
re ##t,16964280
re ##t,12036934
re ##t,15760339
re ##t,24928612
my ##c,21460252
my ##c,25444926
my ##c,18386818
my ##c,23950209
my ##c,24981740
my ##c,21356389
my ##c,16964280
my ##c,21963849
my ##c,11238948
mir ##21,23377970
cc ##nd ##1,21300445
xi ##st,21356389
hot ##air,25065585
mt ##or,24840574
mt ##or,21460252
mt ##or,26498684
g ##na ##q,24595385
g ##na ##q,26769193
g ##na ##q,22550165
g ##na ##q,21072599
g ##na ##q,23825798
g ##na ##q,24697775
g ##na ##q,27123562
g ##na ##q,21083380
cd ##k ##n ##1 ##b,18417445
f ##gf ##r ##2,23638386
sf ##3 ##b ##1,26769193
sf ##3 ##b ##1,27123562
sf ##3 ##b ##1,24709888
sf ##3 ##b ##1,26842708
ar,18771349
ar,11774264
ar,18312439
ar,24595385
ar,24840574
ar,25113440
ar,22815634
ar,26769193
ar,19521982
ar,25061102
ar,15986140
ar,21460252
ar,25051432
ar,19126397
ar,20177751
ar,12742347
ar,17085653
ar,23190898
ar,8344747
ar,25207815
ar,21410771
ar,19016067
ar,17472570
ar,20944096
ar,25444235
ar,18949370
ar,16896043
ar,10072444
ar,19996561
ar,22550165
ar,24967732
ar,18451171
ar,22487681
ar,25823659
ar,24935963
ar,25588203
ar,19207948
ar,25124714
ar,12384558
ar,26498684
ar,24346768
ar,19040420
ar,19338054
ar,20337985
ar,24260410
ar,10867810
ar,21072599
ar,26396549
ar,23416158
ar,21722328
ar,15756009
ar,14714570
ar,14961576
ar,17197349
ar,24993904
ar,20709760
ar,21435193
ar,16410717
ar,22080950
ar,24359286
ar,17594688
ar,21072171
ar,21325067
ar,19671763
ar,9806478
ar,16432463
ar,15623617
ar,14719109
ar,21680547
ar,24423917
ar,23673539
ar,19830692
ar,9824622
ar,15705881
ar,27337967
ar,25220161
ar,26424760
ar,21108607
ar,22223089
ar,11668523
ar,10389768
ar,24120113
ar,11813878
ar,19725989
ar,11931386
ar,25501033
ar,23197006
ar,19805117
ar,23020925
ar,25223485
ar,18398432
ar,17182868
ar,25065585
ar,24174333
ar,19477635
ar,24189220
ar,19330028
ar,23536873
ar,7665237
ar,22076652
ar,20848731
ar,25310020
ar,25885043
ar,9389568
ar,16243793
ar,21047771
ar,24014427
ar,22447182
ar,25155861
ar,27181209
ar,23028833
ar,19718013
ar,15466193
ar,23977234
ar,25444926
ar,18386818
ar,26707830
ar,16961930
ar,23950209
ar,11245423
ar,22454080
ar,23277422
ar,24691438
ar,24158781
ar,23638386
ar,21454583
ar,22909381
ar,25848976
ar,19627587
ar,21119596
ar,22130252
ar,21558391
ar,22496449
ar,22971344
ar,22846175
ar,21507037
ar,8102131
ar,25550585
ar,22972589
ar,24405508
ar,22555176
ar,23384855
ar,25479927
ar,11744991
ar,11606406
ar,19035443
ar,15856016
ar,15920168
ar,25435429
ar,23647022
ar,23825798
ar,21559390
ar,23477830
ar,19880519
ar,18444963
ar,12473109
ar,23787126
ar,15305193
ar,17314512
ar,17992115
ar,22322885
ar,11706558
ar,14576666
ar,18417445
ar,22927992
ar,23454771
ar,25961751
ar,23377970
ar,11112417
ar,24981740
ar,9195562
ar,20421967
ar,19149898
ar,21356389
ar,21623876
ar,25048347
ar,26405583
ar,19318807
ar,20484992
ar,11309305
ar,22805320
ar,17450523
ar,9617345
ar,23638671
ar,23221472
ar,18066592
ar,17891747
ar,20375924
ar,20067553
ar,24885594
ar,24722418
ar,25174651
ar,22647378
ar,23863473
ar,12650606
ar,24697775
ar,16964280
ar,18385040
ar,17351674
ar,27153441
ar,15867352
ar,18515281
ar,21268068
ar,17975146
ar,22131135
ar,19638168
ar,16818621
ar,15221796
ar,23659246
ar,21642878
ar,19404918
ar,18442402
ar,15760917
ar,23348506
ar,21963849
ar,25001534
ar,21788308
ar,19799645
ar,24721645
ar,24289491
ar,25289082
ar,9445187
ar,11238948
ar,21466784
ar,20357817
ar,18672145
ar,20060810
ar,19118061
ar,22095472
ar,24709888
ar,10362803
ar,15277467
ar,26842708
ar,14576937
ar,11822878
ar,16681721
ar,26599548
ar,19269164
ar,22665054
ar,19047166
ar,11129335
ar,22583695
ar,18981472
ar,25818589
ar,16982779
ar,24223182
ar,26016895
ar,15120668
ar,22736149
ar,22865454
ar,22817889
ar,21278793
ar,12543799
ar,19238106
ar,21300445
ar,21801332
ar,21461173
ar,8864922
ar,25629959
ar,22328516
ar,24086281
ar,12036934
ar,19029026
ar,15760339
ar,15958521
ar,8631588
ar,20862285
ar,19158841
ar,23625514
ar,23528861
ar,17171691
ar,18505964
ar,24968695
ar,22551973
ar,24736457
ar,18086302
ar,25572314
ar,25974357
ar,16801015
ar,21083380
ar,21077158
ar,24928612
ar,16963426
ar,25868368
id ##h ##1,21356389
f ##gf ##r ##3,23638386
g ##na ##11,26769193
g ##na ##11,23825798
g ##na ##11,24697775
g ##na ##11,27123562
ty ##r,25113440
ty ##r,25444235
ty ##r,19671763
ty ##r,25501033
ty ##r,19805117
ty ##r,23028833
ty ##r,19035443
ty ##r,21559390
ty ##r,23377970
ty ##r,18066592
ty ##r,17891747
ty ##r,20067553
ty ##r,11238948
ty ##r,22736149
ty ##r,22328516
f ##h,24722418
sp ##ry ##4 - it ##1,25065585
sp ##ry ##4 - it ##1,21558391
sp ##ry ##4 - it ##1,24223182
il ##2,8344747
il ##2,25001534
cd ##k ##n ##2 ##b,15819981
cd ##k ##n ##2 ##b,11668523
ban ##cr,24967732
ban ##cr,25065585
ban ##cr,25289082
md ##m ##2,11606406
e ##zh ##2,25501033
stat ##3,15986140
stat ##3,10072444
stat ##3,21356389
stat ##3,21268068
stat ##3,21278793
ba ##x,10867810
ba ##x,22130252
bc ##l ##2,20177751
bc ##l ##2,23673539
bc ##l ##2,22647378
bc ##l ##2,21963849
bc ##l ##2,22865454
mgm ##t,23659246
er ##bb ##3,23638671
er ##bb ##3,17891747
v ##hl,11309305
mir ##21 ##4,23377970
cd ##k ##n ##1 ##a,15819981
cd ##k ##n ##1 ##a,20484992
ara ##f,19830692
ara ##f,9195562
ara ##f,24086281
ra ##c ##1,27181209
ra ##c ##1,22817889
r ##ho ##a,22328516
cas ##c ##15,26016895
jun,10389768
jun,20602913
jun,21356389
jun,12650606
jun,24697775
jun,15277467
jun,26842708
jun,11822878
jun,16963426
fa ##s,10362803
fa ##s,16681721
fa ##s,18086302
er ##cc ##4,23659246
at ##r,22971344
at ##r,18444963
at ##r,16818621
at ##r,21461173
stat ##1,24691438
mm ##p ##2,20060810
tn ##f,21268068
cd ##k ##2,21559390
cd ##k ##2,24289491
er ##cc ##6,23659246
xp ##c,23659246
sr ##c,20709760
sr ##c,22328516
il ##6,21268068
au ##rka,25444926
ter ##c,16432463
ter ##c,12650606
ter ##c,11822878
ter ##c,22665054
ter ##c,19047166
run ##x ##1,24736457
w ##t ##1,17992115
w ##t ##1,19638168
pt ##gs ##2,21268068
c ##x ##cr ##4,21963849
mla ##na,17891747
mla ##na,26599548
ak ##t ##2,15466193
e ##2 ##f ##1,21454583
pm ##el,16964280
cd ##k ##6,10389768
cd ##k ##6,18398432
er ##cc ##1,21722328
sk ##p ##2,23950209
sl ##c ##45 ##a ##2,21559390
e ##gf,15986140
e ##gf,20177751
e ##gf,17594688
e ##gf,23638386
e ##gf,26405583
e ##gf,17450523
e ##gf,20060810
e ##gf,21278793
mm ##p ##1,25048347
mm ##p ##1,21642878
mm ##p ##1,15760917
abc ##b ##1,15760339
ak ##t ##3,18451171
ak ##t ##3,15466193
ak ##t ##3,15760917
cd ##44,8344747
cd ##44,25220161
cd ##44,24120113
il ##24,25001534
id ##h ##2,21356389
h ##gf,25124714
h ##gf,17450523
pr ##ame,17891747
sox ##9,25629959
cm ##m,9389568
ja ##k ##2,21268068
arid ##2,22817889
c ##x ##cl ##1,23638386
rec ##k,11129335
max,8344747
max,24346768
max,22496449
max,16964280
st ##k ##19,22817889
nme ##1,25048347
mm ##p ##14,15760917
ras ##sf ##1,14961576
ras ##sf ##1,21356389
ras ##sf ##1,21788308
w ##nt ##5 ##a,20177751
w ##nt ##5 ##a,24260410
og ##g ##1,18312439
mt ##ap,24928612
sp ##1,24736457
twist ##1,25061102
spp ##1,17891747
al ##b,24967732
kiss ##1,12543799
cd ##6 ##3,7665237
fa ##p,25501033
fa ##p,20848731
fa ##p,23377970
pp ##p ##6 ##c,22817889
mia,18771349
mia,12742347
mia,25207815
mia,20337985
mia,21435193
mia,22080950
mia,11813878
mia,19805117
mia,17182868
mia,27181209
mia,23787126
mia,18417445
mia,23377970
mia,17891747
mia,22647378
mia,16964280
mia,17975146
mia,26599548
mia,25818589
mia,21801332
mia,24736457
mia,24928612
f ##n ##1,25048347
tim ##p ##3,26707830
ca ##v ##1,20709760
numb,25113440
numb,25061102
numb,25051432
numb,19996561
numb,24346768
numb,24260410
numb,21435193
numb,22080950
numb,24359286
numb,17594688
numb,9806478
numb,11813878
numb,19725989
numb,23197006
numb,7665237
numb,20848731
numb,24014427
numb,27181209
numb,23028833
numb,15466193
numb,21558391
numb,19035443
numb,17314512
numb,23377970
numb,21623876
numb,25048347
numb,26405583
numb,19318807
numb,17450523
numb,24722418
numb,18385040
numb,17975146
numb,15760917
numb,24289491
numb,22095472
numb,16982779
numb,26016895
numb,22817889
numb,8864922
numb,12036934
numb,17171691
cfl ##ar,25207815
eng,24346768
eng,19040420
eng,25155861
eng,21119596
eng,22971344
eng,22927992
eng,11112417
eng,22095472
eng,16681721
eng,18981472
eng,22736149
eng,22817889
eng,21278793
eng,25572314
cc ##l ##2,23454771
ra ##rb,20848731
gap ##dh,25550585
cd ##h ##2,20848731
br ##ms ##1,17085653
br ##ms ##1,12650606
br ##ms ##1,15867352
br ##ms ##1,11822878
br ##ms ##1,16681721
br ##ms ##1,16963426
re ##la,21460252
re ##la,25124714
re ##la,19040420
re ##la,17594688
re ##la,25220161
re ##la,21108607
re ##la,19805117
re ##la,24174333
re ##la,23950209
re ##la,24691438
re ##la,21119596
re ##la,22972589
re ##la,24405508
re ##la,22555176
re ##la,15920168
re ##la,19233913
re ##la,11112417
re ##la,22805320
re ##la,23221472
re ##la,17351674
re ##la,21278793
re ##la,21801332
re ##la,22328516
re ##la,23528861
trim ##24,25572314
hd ##ac ##1,22647378
pol ##h,19477635
cc ##nd ##2,25207815
cc ##nd ##2,21963849
pak ##1,22971344
spa ##rc,24993904
cd ##k ##n ##2 ##c,11668523
run ##x ##3,21623876
e ##if ##1 ##ax,26769193
e ##if ##1 ##ax,27123562
sox ##10,23197006
sox ##10,19805117
sox ##10,22971344
sox ##10,24981740
sox ##10,20067553
sox ##10,22736149
sox ##10,25629959
d ##md,17314512
bad,17594688
if ##i ##27,25207815
cd ##4,8344747
cd ##4,25220161
cd ##4,24120113
cd ##4,23454771
cd ##4,26405583
fox ##p ##3,23454771
b ##mp ##4,19557432
bid,19040420
il ##18,18386818
il ##18,15760917
le ##p,26769193
pd ##gf ##b,20060810
il ##k,21278793
y ##b ##x ##1,26498684
ins,11774264
ins,25113440
ins,19521982
ins,25051432
ins,19126397
ins,17085653
ins,23190898
ins,8344747
ins,19996561
ins,18451171
ins,22487681
ins,25124714
ins,12384558
ins,26498684
ins,19040420
ins,24260410
ins,23416158
ins,21722328
ins,14714570
ins,24993904
ins,20709760
ins,21072171
ins,19671763
ins,9806478
ins,23673539
ins,9824622
ins,21108607
ins,22223089
ins,10389768
ins,11813878
ins,11931386
ins,25501033
ins,23197006
ins,23020925
ins,25223485
ins,17182868
ins,25065585
ins,24189220
ins,23536873
ins,7665237
ins,22076652
ins,16243793
ins,21047771
ins,24014427
ins,21494614
ins,25155861
ins,23028833
ins,15466193
ins,25444926
ins,23950209
ins,11245423
ins,24691438
ins,23638386
ins,21558391
ins,22496449
ins,22971344
ins,24405508
ins,22555176
ins,11744991
ins,15920168
ins,19233913
ins,18444963
ins,12473109
ins,23787126
ins,20602913
ins,25961751
ins,23377970
ins,24981740
ins,19318807
ins,20484992
ins,22805320
ins,24722418
ins,22647378
ins,16964280
ins,15867352
ins,21268068
ins,16818621
ins,22230721
ins,18442402
ins,15760917
ins,24289491
ins,21466784
ins,20357817
ins,20060810
ins,19269164
ins,22583695
ins,26016895
ins,22736149
ins,22865454
ins,22817889
ins,21461173
ins,20862285
ins,23625514
ins,24736457
ins,16801015
ins,21083380
ins,25982144
gp ##n ##mb,16964280
au ##rk ##b,23416158
lo ##x,15760339
cdc ##25 ##a,11238948
ang ##pt ##2,25048347
id ##1,20484992
post ##n,18086302
nes,18771349
nes,11774264
nes,24595385
nes,24840574
nes,25113440
nes,22815634
nes,19521982
nes,15986140
nes,21460252
nes,19126397
nes,20177751
nes,17085653
nes,23190898
nes,8344747
nes,25207815
nes,19016067
nes,25444235
nes,18949370
nes,19996561
nes,22550165
nes,24967732
nes,15819981
nes,22487681
nes,25588203
nes,25124714
nes,12384558
nes,24346768
nes,20337985
nes,24260410
nes,10867810
nes,21722328
nes,14714570
nes,14961576
nes,17197349
nes,24993904
nes,20709760
nes,21435193
nes,16410717
nes,22080950
nes,24359286
nes,17594688
nes,21072171
nes,9806478
nes,15623617
nes,14719109
nes,23673539
nes,19830692
nes,9824622
nes,21108607
nes,22223089
nes,11668523
nes,19725989
nes,11931386
nes,25501033
nes,19805117
nes,23020925
nes,17182868
nes,25065585
nes,24189220
nes,19330028
nes,23536873
nes,22076652
nes,20848731
nes,25310020
nes,9389568
nes,16243793
nes,21047771
nes,24014427
nes,22447182
nes,23028833
nes,17492467
nes,15466193
nes,24580015
nes,25444926
nes,18386818
nes,23950209
nes,11245423
nes,23277422
nes,24691438
nes,23638386
nes,21454583
nes,22909381
nes,19627587
nes,21119596
nes,22130252
nes,21558391
nes,22496449
nes,22846175
nes,24405508
nes,22555176
nes,23384855
nes,11744991
nes,11606406
nes,19035443
nes,15920168
nes,25435429
nes,23825798
nes,21559390
nes,23477830
nes,19880519
nes,18444963
nes,12473109
nes,23787126
nes,15305193
nes,17314512
nes,22927992
nes,23377970
nes,11112417
nes,21356389
nes,25048347
nes,20484992
nes,11309305
nes,17450523
nes,9617345
nes,23638671
nes,23221472
nes,17891747
nes,20067553
nes,24885594
nes,24722418
nes,22647378
nes,19578755
nes,24697775
nes,27123562
nes,18385040
nes,27153441
nes,15867352
nes,21268068
nes,17975146
nes,15221796
nes,23659246
nes,22230721
nes,18442402
nes,15760917
nes,23348506
nes,21963849
nes,25001534
nes,21788308
nes,19799645
nes,24289491
nes,11238948
nes,20357817
nes,18672145
nes,20060810
nes,24709888
nes,26842708
nes,11822878
nes,16681721
nes,26599548
nes,22665054
nes,21051724
nes,22583695
nes,18981472
nes,24223182
nes,26016895
nes,15120668
nes,22736149
nes,22865454
nes,22817889
nes,21278793
nes,12543799
nes,21801332
nes,21461173
nes,8864922
nes,12036934
nes,15760339
nes,15958521
nes,8631588
nes,20862285
nes,19158841
nes,23625514
nes,23987572
nes,18505964
nes,22551973
nes,24736457
nes,18086302
nes,25572314
nes,16801015
nes,21077158
nes,16963426
f ##3,26769193
f ##3,21356389
f ##3,27123562
f ##3,24709888
f ##3,26842708
ep ##ist,16818621
r ##ho,27181209
r ##ho,22971344
r ##ho,22328516
adam ##10,25124714
li ##f,17594688
li ##f,26424760
li ##f,24691438
li ##f,11606406
li ##f,19035443
li ##f,17314512
li ##f,17975146
li ##f,19118061
li ##f,21300445
li ##f,12036934
abc ##b ##5,22555176
k ##lf ##5,15760917
t ##g,25444235
t ##g,25885043
t ##g,22496449
t ##g,17450523
t ##g,18515281
t ##g,21268068
t ##g,21801332
t ##g,24928612
mp ##l,17594688
mp ##l,21072171
mp ##l,26424760
mp ##l,23977234
mp ##l,24691438
mp ##l,11606406
mp ##l,19035443
mp ##l,17314512
mp ##l,17992115
mp ##l,17975146
mp ##l,19799645
mp ##l,19118061
mp ##l,21300445
mp ##l,12036934
wee ##1,23416158
tx ##n,12543799
st ##m ##n ##1,22665054
run ##x ##2,17450523
er ##eg,25823659
er ##eg,12384558
er ##eg,25501033
er ##eg,24189220
er ##eg,16243793
er ##eg,15466193
er ##eg,22454080
er ##eg,20357817
er ##eg,26842708
er ##eg,22665054
er ##eg,22583695
er ##eg,25818589
er ##eg,22817889
cd ##9,10362803
at ##f ##3,21356389
gas ##t,24260410
gas ##t,17197349
gas ##t,25501033
nt ##5 ##e,22454080
cat,11774264
cat,24595385
cat,24840574
cat,25113440
cat,19521982
cat,25061102
cat,21460252
cat,19126397
cat,20177751
cat,23190898
cat,25207815
cat,19016067
cat,17472570
cat,25444235
cat,18949370
cat,19996561
cat,22935333
cat,24967732
cat,22487681
cat,25588203
cat,25124714
cat,26498684
cat,19040420
cat,19338054
cat,20337985
cat,24260410
cat,10867810
cat,21072599
cat,17197349
cat,21435193
cat,16410717
cat,22080950
cat,17594688
cat,19671763
cat,9806478
cat,24423917
cat,23673539
cat,25220161
cat,26424760
cat,21108607
cat,22223089
cat,10389768
cat,11813878
cat,19725989
cat,24370793
cat,11931386
cat,25501033
cat,19805117
cat,23020925
cat,25065585
cat,23536873
cat,22076652
cat,20848731
cat,25310020
cat,16243793
cat,24014427
cat,22447182
cat,25155861
cat,23028833
cat,19718013
cat,15466193
cat,23977234
cat,11245423
cat,23277422
cat,24691438
cat,23638386
cat,25848976
cat,21558391
cat,11606406
cat,19035443
cat,15856016
cat,25435429
cat,21559390
cat,19880519
cat,18444963
cat,15305193
cat,17314512
cat,22322885
cat,22927992
cat,20602913
cat,25961751
cat,23377970
cat,11112417
cat,9195562
cat,20421967
cat,23221472
cat,18066592
cat,17891747
cat,20375924
cat,24722418
cat,25174651
cat,22647378
cat,23863473
cat,12650606
cat,16964280
cat,18515281
cat,17975146
cat,15221796
cat,21642878
cat,23348506
cat,21963849
cat,21788308
cat,19799645
cat,24289491
cat,21466784
cat,20357817
cat,19118061
cat,14576937
cat,11822878
cat,26599548
cat,22665054
cat,11129335
cat,22583695
cat,16982779
cat,26016895
cat,15120668
cat,22736149
cat,22865454
cat,12543799
cat,21300445
cat,8864922
cat,24086281
cat,12036934
cat,15760339
cat,8631588
cat,20862285
cat,23625514
cat,23528861
cat,17171691
cat,22551973
cat,24736457
cat,25572314
cat,16801015
cat,16963426
tr ##pm ##1,21435193
tr ##pm ##1,21072171
tr ##pm ##1,26599548
pa ##x ##3,23020925
pa ##x ##3,20421967
pa ##x ##3,20067553
tn ##c,23638386
d ##mb ##t ##1,19207948
ta ##cc ##1,22817889
nt ##s,19338054
nt ##s,12473109
nt ##s,23454771
adam ##17,25124714
hs ##f ##1,25435429
pt ##n,15606670
tb ##x ##3,18444963
at ##f ##2,22971344
po ##u ##3 ##f ##2,20337985
po ##u ##3 ##f ##2,21435193
g ##li ##2,22496449
g ##li ##2,21801332
pl ##at,21722328
mm ##p ##8,19330028
mm ##p ##8,21642878
ed ##nr ##b,21507037
ed ##nr ##b,22865454
mc ##m ##3,20177751
mc ##m ##3,22805320
nano ##g,22487681
vc ##l,25435429
b ##mp ##7,18386818
sf ##n,20177751
ang,26769193
ang,15986140
ang,10072444
ang,22935333
ang,25588203
ang,26498684
ang,26396549
ang,21722328
ang,14714570
ang,21435193
ang,24359286
ang,21072171
ang,19671763
ang,9806478
ang,15705881
ang,11813878
ang,25501033
ang,22076652
ang,20848731
ang,9389568
ang,22447182
ang,23977234
ang,22454080
ang,19627587
ang,17314512
ang,22927992
ang,25048347
ang,26405583
ang,23221472
ang,17891747
ang,18385040
ang,17351674
ang,21963849
ang,25001534
ang,20060810
ang,24709888
ang,26842708
ang,26599548
ang,22583695
ang,15120668
ang,21278793
ang,22328516
ang,24086281
ang,15760339
ang,15958521
ang,23528861
ang,18086302
ang,16801015
ang,25868368
t ##f,12742347
t ##f,25207815
t ##f,25444235
t ##f,20337985
t ##f,21435193
t ##f,22080950
t ##f,21072171
t ##f,25501033
t ##f,19805117
t ##f,17182868
t ##f,20848731
t ##f,27181209
t ##f,22496449
t ##f,22971344
t ##f,23477830
t ##f,23787126
t ##f,23377970
t ##f,24981740
t ##f,21356389
t ##f,20067553
t ##f,22647378
t ##f,16964280
t ##f,17975146
t ##f,26599548
t ##f,25818589
t ##f,21801332
t ##k ##1,22817889
t ##k ##1,24086281
ir ##f ##4,25207815
ir ##f ##4,20602913
cc ##r ##2,23454771
nr ##p ##2,24359286
ph ##f ##19,22487681
br ##d ##4,23950209
f ##2,20337985
f ##2,21435193
f ##2,22971344
f ##2,22555176
f ##2,17450523
no ##g,17472570
no ##g,25444235
no ##g,22487681
no ##g,23416158
no ##g,21722328
no ##g,17197349
no ##g,15623617
no ##g,23673539
no ##g,11931386
no ##g,23028833
no ##g,26707830
no ##g,21119596
no ##g,12473109
no ##g,21356389
no ##g,18515281
no ##g,21963849
no ##g,19799645
no ##g,26016895
no ##g,22817889
no ##g,21461173
no ##g,12036934
no ##g,15760339
no ##g,15958521
no ##g,23625514
no ##g,24928612
tx ##ni ##p,12543799
sp ##ry ##2,15760917
hd ##gf,23536873
re ##l,21460252
re ##l,25124714
re ##l,19040420
re ##l,17594688
re ##l,25220161
re ##l,21108607
re ##l,19805117
re ##l,24174333
re ##l,23950209
re ##l,24691438
re ##l,21119596
re ##l,22972589
re ##l,24405508
re ##l,22555176
re ##l,15920168
re ##l,19233913
re ##l,11112417
re ##l,22805320
re ##l,23221472
re ##l,17351674
re ##l,21278793
re ##l,21801332
re ##l,22328516
re ##l,24086281
re ##l,23528861
ot ##or,11813878
he ##s ##1,19880519
t ##fa ##p ##2 ##c,20848731
am ##h,18312439
du ##sp ##6,15760917
sm ##ad ##1,23190898
cd ##6 ##8,26405583
tb ##x ##2,23020925
tb ##x ##2,18444963
fox ##a ##2,21466784
des,11774264
des,25113440
des,25051432
des,20177751
des,16896043
des,22550165
des,19338054
des,24260410
des,23416158
des,14961576
des,24993904
des,20709760
des,21325067
des,9806478
des,14719109
des,27337967
des,11813878
des,19725989
des,23197006
des,23020925
des,18398432
des,25065585
des,19477635
des,23536873
des,22076652
des,20848731
des,25885043
des,9389568
des,24014427
des,15466193
des,23977234
des,26707830
des,11245423
des,23277422
des,24691438
des,21119596
des,22972589
des,25479927
des,12473109
des,17314512
des,17992115
des,22927992
des,24981740
des,26405583
des,22805320
des,17891747
des,20375924
des,24697775
des,27123562
des,27153441
des,15867352
des,21268068
des,15221796
des,19404918
des,23348506
des,25001534
des,20357817
des,19118061
des,10362803
des,26842708
des,11822878
des,16681721
des,11129335
des,18981472
des,16982779
des,26016895
des,22865454
des,22817889
des,8631588
des,25572314
sp ##3,12543799
ran,18771349
ran,11774264
ran,19521982
ran,25061102
ran,15986140
ran,21460252
ran,25051432
ran,19126397
ran,12742347
ran,23190898
ran,8344747
ran,25207815
ran,21410771
ran,19016067
ran,17472570
ran,25444235
ran,18949370
ran,10072444
ran,19996561
ran,22550165
ran,22935333
ran,24967732
ran,18451171
ran,22487681
ran,25823659
ran,25588203
ran,12384558
ran,26498684
ran,19040420
ran,19338054
ran,20337985
ran,21722328
ran,14714570
ran,14961576
ran,17197349
ran,24993904
ran,20709760
ran,21435193
ran,22080950
ran,21072171
ran,9806478
ran,24423917
ran,19830692
ran,9824622
ran,15705881
ran,25220161
ran,10389768
ran,24120113
ran,11813878
ran,19725989
ran,11931386
ran,25501033
ran,23197006
ran,19805117
ran,17182868
ran,24174333
ran,19477635
ran,24189220
ran,7665237
ran,22076652
ran,25310020
ran,25885043
ran,24014427
ran,22447182
ran,27181209
ran,23977234
ran,25444926
ran,18386818
ran,16961930
ran,23950209
ran,11245423
ran,24691438
ran,21454583
ran,22909381
ran,21119596
ran,22130252
ran,22496449
ran,22971344
ran,24405508
ran,22555176
ran,11744991
ran,11606406
ran,15856016
ran,25435429
ran,23825798
ran,21559390
ran,19233913
ran,19880519
ran,18444963
ran,12473109
ran,23787126
ran,22322885
ran,18417445
ran,23454771
ran,25961751
ran,23377970
ran,11112417
ran,24981740
ran,20421967
ran,21356389
ran,21623876
ran,25048347
ran,20484992
ran,17450523
ran,9617345
ran,18066592
ran,20067553
ran,24722418
ran,22647378
ran,12650606
ran,16964280
ran,15867352
ran,18515281
ran,17975146
ran,22131135
ran,16818621
ran,15221796
ran,18442402
ran,15760917
ran,23348506
ran,21963849
ran,21788308
ran,19799645
ran,24289491
ran,11238948
ran,21466784
ran,20060810
ran,10362803
ran,26842708
ran,11822878
ran,16681721
ran,26599548
ran,19047166
ran,22583695
ran,25818589
ran,16982779
ran,24223182
ran,26016895
ran,22736149
ran,22865454
ran,21278793
ran,12543799
ran,21801332
ran,25629959
ran,22328516
ran,24086281
ran,19029026
ran,15760339
ran,15958521
ran,23528861
ran,24736457
ran,25572314
ran,16801015
ran,21077158
ran,24928612
ran,25868368
per ##p,18312439
per ##p,19040420
per ##p,12473109
per ##p,25629959
cp,20848731
cp,24014427
cp,15958521
te ##s,24840574
te ##s,15986140
te ##s,19338054
te ##s,17197349
te ##s,15623617
te ##s,22223089
te ##s,18398432
te ##s,22971344
te ##s,19880519
te ##s,12473109
te ##s,19158841
e ##2 ##f ##5,21454583
pg ##c,23477830
cc ##r ##1,25048347
ace,11774264
ace,18312439
ace,24595385
ace,23190898
ace,8344747
ace,17472570
ace,25124714
ace,19338054
ace,20337985
ace,24359286
ace,11813878
ace,25223485
ace,22447182
ace,23950209
ace,21119596
ace,25435429
ace,19233913
ace,18444963
ace,20602913
ace,11112417
ace,25289082
ace,10362803
ace,24223182
ace,15760339
ace,24928612
id ##2,15760917
id ##2,22817889
ada,16896043
ada,25124714
ada,23673539
ada,25220161
ada,17182868
ada,21047771
ada,21454583
ada,21559390
ada,23477830
ada,15867352
ada,16982779
ada,21300445
ada,17171691
c ##x ##cl ##13,23638386
rest,11774264
rest,25113440
rest,22815634
rest,25061102
rest,25051432
rest,17472570
rest,25444235
rest,18949370
rest,22487681
rest,25588203
rest,19040420
rest,24260410
rest,11813878
rest,25501033
rest,17182868
rest,25310020
rest,16961930
rest,23950209
rest,15920168
rest,23477830
rest,12473109
rest,25961751
rest,24981740
rest,20421967
rest,19149898
rest,12650606
rest,16818621
rest,23659246
rest,21788308
rest,24289491
rest,11822878
rest,19047166
rest,11129335
rest,18981472
rest,21461173
rest,25629959
rest,15958521
rest,23625514
rest,16801015
rest,16963426
ca ##2,9389568
ss ##x ##4,23625514
pa ##x ##9,18949370
fa ##b ##p ##7,22322885
ar ##g ##1,24935963
ar ##g ##1,12473109
sm ##ur ##f ##2,17450523
k ##l,22846175
k ##l,20602913
k ##l,15760917
sox ##17,25310020
sp ##ry ##4,25065585
sp ##ry ##4,21558391
sp ##ry ##4,24223182
i ##hh,25289082
t ##po,18771349
pa ##ep,19799645
mt ##2 ##a,15958521
p ##f ##n ##1,25048347
tr ##o,24223182
s ##nca,23028833
ski,24840574
ski,20177751
ski,19338054
ski,10867810
ski,14961576
ski,20709760
ski,14719109
ski,21108607
ski,22223089
ski,23197006
ski,19805117
ski,19477635
ski,25885043
ski,23028833
ski,15466193
ski,23977234
ski,23638386
ski,22846175
ski,19035443
ski,21559390
ski,12473109
ski,15305193
ski,22927992
ski,20421967
ski,21356389
ski,21623876
ski,19318807
ski,22805320
ski,24697775
ski,21268068
ski,15221796
ski,23659246
ski,24289491
ski,9445187
ski,20357817
ski,10362803
ski,14576937
ski,26599548
ski,16982779
ski,21300445
ski,21461173
ski,25629959
ski,23528861
ski,16801015
ski,25982144
f ##5,21454583
f ##5,22909381
f ##5,15760917
my ##og,24722418
ph ##lda ##1,12384558
t ##pr,25113440
t ##pr,18386818
t ##pr,23638386
cd ##2,26405583
pl ##ag ##l ##1,18386818
ache,10389768
ache,22076652
ache,27153441
ache,18981472
ache,15958521
ache,25572314
ache,24928612
nod ##al,21072171
nod ##al,9824622
nod ##al,21558391
nod ##al,26405583
nod ##al,14576937
gr ##m ##1,23673539
ty ##ro ##3,19805117
bc ##l ##2 ##a1,20177751
bc ##l ##2 ##a1,22865454
si,18771349
si,11774264
si,18312439
si,24595385
si,24840574
si,25113440
si,19521982
si,25061102
si,15986140
si,21460252
si,25051432
si,19126397
si,20177751
si,12742347
si,17085653
si,23190898
si,8344747
si,25207815
si,21410771
si,19016067
si,17472570
si,20944096
si,25444235
si,18949370
si,16896043
si,10072444
si,19996561
si,22550165
si,22935333
si,24967732
si,15819981
si,18451171
si,22487681
si,25823659
si,24935963
si,25588203
si,19207948
si,25124714
si,12384558
si,26498684
si,24346768
si,19040420
si,19338054
si,20337985
si,24260410
si,10867810
si,21072599
si,26396549
si,23416158
si,21722328
si,15756009
si,14714570
si,14961576
si,17197349
si,24993904
si,20709760
si,21435193
si,16410717
si,22080950
si,24359286
si,17594688
si,21072171
si,21325067
si,19671763
si,9806478
si,16432463
si,15623617
si,14719109
si,21680547
si,24423917
si,23673539
si,19830692
si,9824622
si,15705881
si,27337967
si,25220161
si,21108607
si,22223089
si,11668523
si,10389768
si,24120113
si,11813878
si,19725989
si,24370793
si,11931386
si,25501033
si,23197006
si,19805117
si,23020925
si,25223485
si,18398432
si,17182868
si,25065585
si,24174333
si,19477635
si,24189220
si,19330028
si,23536873
si,7665237
si,22076652
si,20848731
si,25310020
si,25885043
si,9389568
si,16243793
si,21047771
si,19557432
si,24014427
si,22447182
si,21494614
si,25155861
si,27181209
si,23028833
si,17492467
si,19718013
si,15466193
si,23977234
si,24580015
si,25444926
si,18386818
si,26707830
si,16961930
si,23950209
si,11245423
si,22454080
si,23277422
si,24691438
si,24158781
si,23638386
si,21454583
si,22909381
si,25848976
si,19627587
si,21119596
si,22130252
si,21558391
si,22496449
si,22971344
si,22846175
si,8102131
si,25550585
si,24405508
si,22555176
si,23384855
si,25479927
si,11744991
si,11606406
si,19035443
si,15856016
si,15920168
si,25435429
si,23647022
si,23825798
si,21559390
si,23477830
si,19233913
si,19880519
si,18444963
si,12473109
si,23787126
si,15305193
si,17314512
si,17992115
si,22322885
si,11706558
si,14576666
si,18417445
si,22927992
si,23454771
si,20602913
si,25961751
si,23377970
si,11112417
si,24981740
si,9195562
si,20421967
si,19149898
si,21356389
si,21623876
si,25048347
si,26405583
si,19318807
si,20484992
si,11309305
si,22805320
si,17450523
si,9617345
si,23638671
si,23221472
si,18066592
si,17891747
si,20375924
si,20067553
si,24885594
si,24722418
si,25174651
si,22647378
si,23863473
si,19578755
si,12650606
si,24697775
si,27123562
si,16964280
si,18385040
si,17351674
si,27153441
si,15867352
si,18515281
si,21268068
si,17975146
si,22131135
si,16818621
si,15221796
si,23659246
si,21642878
si,18442402
si,15760917
si,23348506
si,21963849
si,25001534
si,21788308
si,19799645
si,24289491
si,25289082
si,9445187
si,11238948
si,21466784
si,20357817
si,18672145
si,20060810
si,22095472
si,10362803
si,15277467
si,26842708
si,14576937
si,11822878
si,16681721
si,26599548
si,19269164
si,22665054
si,19047166
si,21051724
si,11129335
si,22583695
si,18981472
si,25818589
si,16982779
si,24223182
si,15606670
si,26016895
si,15120668
si,22736149
si,22865454
si,22817889
si,21278793
si,12963615
si,12543799
si,19238106
si,21300445
si,21801332
si,21461173
si,8864922
si,25629959
si,22328516
si,24086281
si,12036934
si,15760339
si,15958521
si,8631588
si,19158841
si,23625514
si,23528861
si,17171691
si,23987572
si,24968695
si,22551973
si,24736457
si,18086302
si,25572314
si,16801015
si,21077158
si,24928612
si,16963426
si,25868368
si,25982144
pt ##pr ##d,25113440
il ##12 ##b,25848976
cd ##14,26405583
z ##fp ##36,25048347
pt ##h,25051432
pt ##h,20337985
map ##2,15920168
map ##2,19880519
gas ##1,18981472
pl ##ec,12384558
g ##c,23477830
g ##c,12473109
rb ##m ##3,22805320
fox ##c ##2,20060810
pi ##m ##2,25207815
kc ##n ##ma ##1,21072171
f1 ##0,23536873
f1 ##0,18981472
sh ##c ##4,23638386
ned ##d ##9,24174333
ned ##d ##9,22328516
end ##og,25061102
end ##og,21435193
end ##og,19671763
end ##og,25220161
end ##og,24405508
end ##og,25961751
end ##og,21268068
end ##og,24086281
end ##og,19029026
app,18771349
app,24595385
app,24840574
app,25113440
app,15986140
app,20177751
app,17472570
app,25444235
app,25823659
app,23416158
app,21435193
app,22080950
app,19671763
app,9806478
app,16432463
app,14719109
app,19830692
app,27337967
app,25220161
app,11668523
app,10389768
app,11813878
app,18398432
app,25065585
app,23536873
app,22076652
app,20848731
app,9389568
app,23028833
app,17492467
app,19718013
app,23950209
app,23638386
app,19627587
app,22971344
app,22846175
app,22555176
app,25479927
app,25435429
app,23825798
app,17314512
app,22927992
app,11112417
app,25048347
app,26405583
app,19318807
app,11309305
app,24722418
app,27153441
app,15867352
app,18515281
app,21268068
app,19638168
app,15221796
app,18442402
app,15760917
app,24721645
app,18672145
app,22095472
app,22665054
app,18981472
app,26016895
app,15120668
app,22865454
app,22817889
app,21278793
app,12543799
app,15760339
app,15958521
app,19158841
app,23625514
app,17171691
app,18505964
app,25572314
a ##q ##p ##3,20177751
cad,25113440
cad,25061102
cad,20177751
cad,20944096
cad,22550165
cad,22487681
cad,23416158
cad,24174333
cad,25885043
cad,22131135
cad,25001534
cad,21077158
aka ##p ##12,18386818
c ##3,15221796
c ##3,25289082
camp,12384558
camp,19338054
camp,22496449
camp,12473109
camp,11112417
camp,21801332
camp,16801015
ir ##f ##5,22909381
fox ##d ##3,25061102
ik,11774264
ik,26769193
ik,25061102
ik,22487681
ik,25823659
ik,12384558
ik,19040420
ik,23416158
ik,22080950
ik,15705881
ik,11813878
ik,9389568
ik,18386818
ik,23950209
ik,22496449
ik,18444963
ik,22322885
ik,23377970
ik,25174651
ik,22647378
ik,15867352
ik,21268068
ik,15760917
ik,21963849
ik,16982779
ik,25629959
ik,24086281
ik,23528861
mb,11774264
mb,24595385
mb,24840574
mb,25113440
mb,19521982
mb,25061102
mb,25051432
mb,20177751
mb,19996561
mb,24967732
mb,22487681
mb,19207948
mb,12384558
mb,24346768
mb,19040420
mb,24260410
mb,26396549
mb,23416158
mb,24993904
mb,20709760
mb,21435193
mb,22080950
mb,24359286
mb,17594688
mb,9806478
mb,19830692
mb,11813878
mb,19725989
mb,23197006
mb,18398432
mb,24189220
mb,7665237
mb,20848731
mb,9389568
mb,24014427
mb,22447182
mb,27181209
mb,23028833
mb,15466193
mb,23977234
mb,23950209
mb,25848976
mb,21558391
mb,22972589
mb,22555176
mb,25479927
mb,19035443
mb,15920168
mb,23825798
mb,18444963
mb,12473109
mb,17314512
mb,22322885
mb,23454771
mb,20602913
mb,23377970
mb,9195562
mb,21623876
mb,25048347
mb,26405583
mb,19318807
mb,11309305
mb,17450523
mb,18066592
mb,20375924
mb,24722418
mb,23863473
mb,12650606
mb,16964280
mb,18385040
mb,15867352
mb,18515281
mb,21268068
mb,17975146
mb,15760917
mb,24289491
mb,11238948
mb,22095472
mb,26599548
mb,22583695
mb,16982779
mb,26016895
mb,22736149
mb,22817889
mb,8864922
mb,22328516
mb,24086281
mb,12036934
mb,23625514
mb,23528861
mb,17171691
mb,24968695
mb,16801015
mb,24928612
th,18771349
th,11774264
th,18312439
th,24595385
th,24840574
th,25687217
th,25113440
th,22815634
th,26769193
th,19521982
th,25061102
th,15986140
th,21460252
th,25051432
th,19126397
th,20177751
th,12742347
th,17085653
th,23190898
th,8344747
th,25207815
th,21410771
th,19016067
th,17472570
th,20944096
th,25444235
th,18949370
th,16896043
th,10072444
th,19996561
th,22550165
th,22935333
th,24967732
th,15819981
th,18451171
th,22487681
th,25823659
th,24935963
th,25588203
th,19207948
th,25124714
th,12384558
th,26498684
th,24346768
th,19040420
th,19338054
th,20337985
th,24260410
th,10867810
th,21072599
th,26396549
th,23416158
th,21722328
th,15756009
th,14714570
th,14961576
th,17197349
th,24993904
th,20709760
th,21435193
th,16410717
th,22080950
th,24359286
th,17594688
th,21072171
th,21325067
th,19671763
th,9806478
th,16432463
th,15623617
th,14719109
th,21680547
th,24423917
th,23673539
th,19830692
th,9824622
th,15705881
th,27337967
th,25220161
th,26424760
th,21108607
th,22223089
th,11668523
th,10389768
th,24120113
th,11813878
th,19725989
th,24370793
th,11931386
th,25501033
th,23197006
th,19805117
th,23020925
th,25223485
th,18398432
th,17182868
th,25065585
th,24174333
th,19477635
th,24189220
th,19330028
th,23536873
th,7665237
th,22076652
th,20848731
th,25310020
th,25885043
th,9389568
th,16243793
th,21047771
th,19557432
th,24014427
th,22447182
th,21494614
th,25155861
th,27181209
th,23028833
th,17492467
th,19718013
th,15466193
th,23977234
th,24580015
th,25444926
th,18386818
th,26707830
th,16961930
th,23950209
th,11245423
th,22454080
th,23277422
th,24691438
th,24158781
th,23638386
th,21454583
th,22909381
th,25848976
th,19627587
th,21119596
th,22130252
th,21558391
th,22496449
th,22971344
th,22846175
th,21507037
th,8102131
th,25550585
th,22972589
th,24405508
th,22555176
th,23384855
th,25479927
th,11744991
th,11606406
th,19035443
th,15856016
th,15920168
th,25435429
th,23647022
th,23825798
th,21559390
th,23477830
th,19233913
th,19880519
th,18444963
th,12473109
th,23787126
th,15305193
th,17314512
th,17992115
th,22322885
th,11706558
th,14576666
th,18417445
th,22927992
th,23454771
th,20602913
th,25961751
th,23377970
th,11112417
th,24981740
th,9195562
th,20421967
th,19149898
th,21356389
th,21623876
th,25048347
th,26405583
th,19318807
th,20484992
th,11309305
th,22805320
th,17450523
th,9617345
th,23638671
th,23221472
th,18066592
th,17891747
th,20375924
th,20067553
th,24885594
th,24722418
th,25174651
th,22647378
th,23863473
th,19578755
th,12650606
th,24697775
th,27123562
th,16964280
th,18385040
th,17351674
th,27153441
th,15867352
th,18515281
th,21268068
th,17975146
th,22131135
th,19638168
th,16818621
th,15221796
th,23659246
th,21642878
th,19404918
th,22230721
th,18442402
th,15760917
th,23348506
th,21963849
th,25001534
th,21788308
th,19799645
th,24721645
th,24289491
th,25289082
th,9445187
th,11238948
th,21466784
th,20357817
th,18672145
th,20060810
th,19118061
th,22095472
th,24709888
th,10362803
th,15277467
th,26842708
th,14576937
th,11822878
th,16681721
th,26599548
th,19269164
th,22665054
th,19047166
th,21051724
th,11129335
th,22583695
th,18981472
th,25818589
th,16982779
th,24223182
th,15606670
th,26016895
th,15120668
th,22736149
th,22865454
th,22817889
th,21278793
th,12963615
th,12543799
th,19238106
th,21300445
th,21801332
th,21461173
th,8864922
th,25629959
th,22328516
th,24086281
th,12036934
th,19029026
th,15760339
th,15958521
th,8631588
th,20862285
th,19158841
th,23625514
th,23528861
th,17171691
th,23987572
th,18505964
th,24968695
th,22551973
th,24736457
th,18086302
th,25572314
th,25974357
th,16801015
th,21083380
th,21077158
th,24928612
th,16963426
th,25868368
th,25982144
adam ##ts ##1,21047771
s ##nx ##31,22817889
ar ##hg ##ap ##1,25207815
nos ##1,24691438
por,11774264
por,25113440
por,19521982
por,25061102
por,21460252
por,17085653
por,23190898
por,8344747
por,25207815
por,25444235
por,10072444
por,19996561
por,22550165
por,24967732
por,22487681
por,25823659
por,25124714
por,12384558
por,26498684
por,24346768
por,19040420
por,19338054
por,10867810
por,21072599
por,23416158
por,14714570
por,14961576
por,17197349
por,24993904
por,16410717
por,22080950
por,17594688
por,21072171
por,19671763
por,9806478
por,14719109
por,21680547
por,19830692
por,27337967
por,25220161
por,11668523
por,10389768
por,11813878
por,11931386
por,25501033
por,23197006
por,23020925
por,18398432
por,24174333
por,22076652
por,20848731
por,9389568
por,22447182
por,21494614
por,25155861
por,27181209
por,17492467
por,19718013
por,15466193
por,23977234
por,23950209
por,11245423
por,22454080
por,24158781
por,23638386
por,21454583
por,21119596
por,21558391
por,22846175
por,21507037
por,8102131
por,25550585
por,24405508
por,22555176
por,25479927
por,15856016
por,25435429
por,23647022
por,23825798
por,21559390
por,19880519
por,18444963
por,12473109
por,11706558
por,18417445
por,23454771
por,25961751
por,23377970
por,11112417
por,24981740
por,19149898
por,21623876
por,25048347
por,19318807
por,22805320
por,23638671
por,17891747
por,20375924
por,22647378
por,23863473
por,19578755
por,24697775
por,17351674
por,27153441
por,19404918
por,22230721
por,23348506
por,21788308
por,24289491
por,11238948
por,21466784
por,18672145
por,22095472
por,24709888
por,15277467
por,26842708
por,26599548
por,19269164
por,22665054
por,19047166
por,11129335
por,25818589
por,16982779
por,24223182
por,26016895
por,22736149
por,22865454
por,19238106
por,21300445
por,24086281
por,12036934
por,15760339
por,15958521
por,8631588
por,23625514
por,23528861
por,17171691
por,18505964
por,22551973
por,25572314
por,16801015
por,21077158
z ##yx,25048347
cy ##gb,24722418
gal,20177751
gal,9389568
gal,16818621
gal,21788308
lim ##d ##1,25207815
pc,24840574
pc,21460252
pc,23190898
pc,17472570
pc,18949370
pc,19996561
pc,24967732
pc,10867810
pc,14714570
pc,14961576
pc,14719109
pc,19830692
pc,25220161
pc,24189220
pc,23028833
pc,18386818
pc,22130252
pc,19035443
pc,19233913
pc,11112417
pc,26405583
pc,23638671
pc,17891747
pc,20375924
pc,24722418
pc,23863473
pc,19578755
pc,15760917
pc,19799645
pc,11822878
pc,24223182
pc,12543799
pc,15760339
pc,22551973
pc,18086302
sr ##y,23197006
sr ##y,25310020
ser ##pin ##b ##9,25048347
ad ##h ##5,21356389
pts,23221472
adam ##ts ##18,21047771
cy ##ba,15958521
cs,18771349
cs,20177751
cs,21722328
cs,17197349
cs,25220161
cs,24120113
cs,24691438
cs,21558391
cs,22971344
cs,15920168
cs,19233913
cs,9195562
cs,25048347
cs,24697775
cs,17975146
cs,19799645
cs,24289491
cs,20357817
cs,22665054
cs,11129335
cs,16982779
cs,15120668
cs,22817889
cs,23528861
cs,25572314
dia ##ph ##1,17182868
o ##at,18444963
ag ##l,18386818
pa ##x ##4,18949370
hal,24840574
hal,12742347
hal,20337985
hal,15756009
hal,21435193
hal,22080950
hal,25501033
hal,19805117
hal,17182868
hal,25065585
hal,25885043
hal,24014427
hal,25155861
hal,27181209
hal,23787126
hal,23454771
hal,23377970
hal,24981740
hal,22805320
hal,22647378
hal,21268068
hal,17975146
hal,16818621
hal,26599548
hal,18981472
hal,25818589
hal,22736149
hal,22817889
hal,21801332
hal,15760339
hal,25572314
cn ##r ##1,22447182
ras ##ef,18385040
ca ##1,22935333
ca ##1,9389568
ca ##1,25479927
ca ##1,23825798
ca ##1,24697775
ca ##1,25974357
prep,19830692
cd ##7,22454080
nu ##ak ##2,21460252
c ##5,20709760
c ##5,23673539
c ##5,21461173
c ##5,25868368
com ##p,19338054
com ##p,22223089
com ##p,24014427
me ##1,8344747
me ##1,25048347
ec ##d,15221796
kin,24595385
kin,24840574
kin,26769193
kin,21460252
kin,25051432
kin,20177751
kin,25207815
kin,20944096
kin,22550165
kin,18451171
kin,25823659
kin,19338054
kin,10867810
kin,26396549
kin,23416158
kin,14961576
kin,17197349
kin,20709760
kin,22080950
kin,19671763
kin,14719109
kin,21680547
kin,21108607
kin,22223089
kin,10389768
kin,19725989
kin,25501033
kin,23197006
kin,19805117
kin,24174333
kin,19477635
kin,25310020
kin,25885043
kin,9389568
kin,27181209
kin,23028833
kin,15466193
kin,23977234
kin,25444926
kin,23950209
kin,23638386
kin,22496449
kin,22846175
kin,22972589
kin,19035443
kin,21559390
kin,12473109
kin,15305193
kin,22927992
kin,23377970
kin,11112417
kin,20421967
kin,21356389
kin,21623876
kin,25048347
kin,19318807
kin,22805320
kin,9617345
kin,18066592
kin,20067553
kin,24697775
kin,27153441
kin,18515281
kin,21268068
kin,16818621
kin,15221796
kin,23659246
kin,19404918
kin,21963849
kin,24289491
kin,9445187
kin,20357817
kin,18672145
kin,20060810
kin,10362803
kin,14576937
kin,26599548
kin,19047166
kin,11129335
kin,25818589
kin,16982779
kin,15120668
kin,22736149
kin,21278793
kin,21300445
kin,21801332
kin,21461173
kin,25629959
kin,24086281
kin,8631588
kin,23528861
kin,17171691
kin,16801015
kin,24928612
kin,16963426
kin,25982144
ns ##f,11774264
ns ##f,23190898
ns ##f,19016067
ns ##f,25444235
ns ##f,19996561
ns ##f,24967732
ns ##f,25588203
ns ##f,12384558
ns ##f,19040420
ns ##f,19830692
ns ##f,9824622
ns ##f,10389768
ns ##f,7665237
ns ##f,22130252
ns ##f,22496449
ns ##f,24405508
ns ##f,11744991
ns ##f,25961751
ns ##f,9617345
ns ##f,12650606
ns ##f,16818621
ns ##f,19799645
ns ##f,24289491
ns ##f,21466784
ns ##f,11822878
ns ##f,16681721
ns ##f,21278793
ns ##f,12543799
ns ##f,15958521
ns ##f,21077158
pt ##pr ##f,23638386
to ##x,26405583
to ##x,16818621
to ##x,24721645
el ##l,15120668
hint ##1,22647378
nk ##x ##2 - 5,18444963
ho ##x ##d ##9,24014427
pi ##3,24840574
pi ##3,21680547
pi ##3,19047166
dock ##3,22328516
x ##cl ##1,23638386
r ##ho ##j,22971344
ba ##al ##c,24736457
bat ##f,25207815
he ##xa,22322885
he ##xa,11112417
hr,11774264
hr,18312439
hr,24595385
hr,24840574
hr,25051432
hr,20177751
hr,23190898
hr,8344747
hr,19016067
hr,17472570
hr,22935333
hr,18451171
hr,22487681
hr,25823659
hr,25588203
hr,12384558
hr,26498684
hr,24346768
hr,24260410
hr,21072599
hr,21722328
hr,14961576
hr,21435193
hr,17594688
hr,19671763
hr,14719109
hr,15705881
hr,11813878
hr,23020925
hr,25223485
hr,18398432
hr,17182868
hr,24174333
hr,22076652
hr,20848731
hr,9389568
hr,24014427
hr,19718013
hr,15466193
hr,18386818
hr,21454583
hr,25848976
hr,22971344
hr,22846175
hr,15856016
hr,21559390
hr,12473109
hr,15305193
hr,18417445
hr,25961751
hr,25048347
hr,26405583
hr,19318807
hr,11309305
hr,17891747
hr,20375924
hr,20067553
hr,12650606
hr,21268068
hr,22131135
hr,18442402
hr,15760917
hr,21788308
hr,11238948
hr,11822878
hr,18981472
hr,26016895
hr,22817889
hr,21278793
hr,12543799
hr,21461173
hr,22328516
hr,24086281
hr,12036934
hr,19029026
hr,15958521
hr,8631588
hr,20862285
hr,23625514
hr,17171691
hr,18505964
hr,24736457
hr,21077158
hr,24928612
sms,25113440
sms,25051432
sms,25207815
sms,21410771
sms,19016067
sms,24967732
sms,24346768
sms,26396549
sms,23416158
sms,17197349
sms,21072171
sms,24370793
sms,25065585
sms,24174333
sms,27181209
sms,15466193
sms,25444926
sms,18386818
sms,23638386
sms,21558391
sms,22496449
sms,11606406
sms,15920168
sms,19880519
sms,18417445
sms,23377970
sms,17450523
sms,23638671
sms,20375924
sms,12650606
sms,15867352
sms,15760917
sms,21788308
sms,25289082
sms,10362803
sms,26842708
sms,22865454
sms,22328516
sms,22551973
sms,21077158
mag,18312439
mag,24595385
mag,21460252
mag,21722328
mag,21435193
mag,19671763
mag,23673539
mag,24120113
mag,11813878
mag,25065585
mag,25155861
mag,23028833
mag,22971344
mag,22555176
mag,23659246
mag,11238948
mag,20862285
mag,23625514
mag,21077158
tb ##x ##4,25048347
mall,24595385
mall,15986140
mall,23190898
mall,19016067
mall,19996561
mall,22080950
mall,19671763
mall,19830692
mall,23197006
mall,15466193
mall,23950209
mall,21119596
mall,22555176
mall,23477830
mall,18417445
mall,22927992
mall,25961751
mall,24981740
mall,11309305
mall,19578755
mall,21268068
mall,19799645
mall,14576937
mall,26599548
mall,22665054
mall,19047166
mall,16982779
mall,26016895
mall,21278793
mall,19029026
mall,15760339
mall,23625514
mall,17171691
ar ##hg ##ap ##18,25207815
gm ##pr,27181209
trim ##2,25572314
stat ##h,22665054
dh ##rs ##1,21356389
d ##g ##ki,25207815
if ##i ##44,25207815
